pair_id,L1,a1,b1,L2,a2,b2,DV
0,44.556732,-31.310787,-32.778877,46.852238,-32.445816,-32.922482,2.129690
1,44.556732,-31.310787,-32.778877,49.093384,-32.891560,-37.240860,3.309600
2,44.556732,-31.310787,-32.778877,43.577606,-30.913877,-32.726452,0.664971
3,44.556732,-31.310787,-32.778877,45.180248,-30.445280,-30.589294,1.795930
4,44.556732,-31.310787,-32.778877,39.185234,-28.413691,-35.944355,2.921170
5,44.556732,-31.310787,-32.778877,43.741329,-30.462017,-37.943958,1.815640
6,44.556732,-31.310787,-32.778877,46.530544,-30.773958,-35.018837,2.467260
7,44.556732,-31.310787,-32.778877,39.280743,-27.535015,-35.714241,2.909730
8,44.556732,-31.310787,-32.778877,44.083412,-28.151974,-37.515575,2.032420
9,44.556732,-31.310787,-32.778877,53.788528,-30.593946,-31.412298,4.218050
10,44.556732,-31.310787,-32.778877,46.983669,-33.135971,-37.338257,2.682770
11,44.556732,-31.310787,-32.778877,41.478745,-29.019936,-34.497936,1.892560
12,44.556732,-31.310787,-32.778877,46.817978,-31.787159,-33.695721,1.254930
13,44.556732,-31.310787,-32.778877,50.701244,-31.401667,-35.834354,3.456450
14,44.556732,-31.310787,-32.778877,41.379356,-28.858633,-38.752048,2.029240
15,44.556732,-31.310787,-32.778877,44.657303,-31.471785,-32.788872,0.138589
16,44.556732,-31.310787,-32.778877,44.437317,-31.692118,-33.595715,0.418309
17,44.556732,-31.310787,-32.778877,45.902847,-30.979948,-38.617847,2.696760
18,44.556732,-31.310787,-32.778877,46.860142,-29.783543,-36.577312,2.761600
19,44.556732,-31.310787,-32.778877,42.054081,-29.020147,-38.657070,2.515580
20,44.556732,-31.310787,-32.778877,36.357056,-29.255663,-27.604942,4.158930
21,44.556732,-31.310787,-32.778877,38.709610,-27.202429,-37.027069,2.864590
22,44.556732,-31.310787,-32.778877,42.612183,-33.187115,-36.953465,1.518750
23,44.556732,-31.310787,-32.778877,43.728207,-34.059380,-36.159443,1.849330
24,44.556732,-31.310787,-32.778877,45.005997,-28.818363,-38.094528,2.188810
25,44.556732,-31.310787,-32.778877,45.029755,-31.304766,-33.686054,1.156390
26,44.556732,-31.310787,-32.778877,48.978981,-28.745426,-29.359674,3.750160
27,44.556732,-31.310787,-32.778877,41.000751,-29.807938,-30.704433,2.756520
28,44.556732,-31.310787,-32.778877,47.821083,-32.323616,-35.424484,2.906550
29,44.556732,-31.310787,-32.778877,39.575417,-27.711655,-38.417461,2.605850
30,37.940960,-26.413963,22.532221,38.759975,-27.055428,24.982691,1.450640
31,37.940960,-26.413963,22.532221,38.846592,-27.652151,25.066080,0.809873
32,37.940960,-26.413963,22.532221,38.117416,-28.075758,24.765202,0.733138
33,37.940960,-26.413963,22.532221,38.794655,-28.164686,25.475122,0.971163
34,37.940960,-26.413963,22.532221,37.786736,-29.528694,24.627922,1.318670
35,37.940960,-26.413963,22.532221,38.634762,-28.080297,24.336031,1.120720
36,37.940960,-26.413963,22.532221,39.868664,-27.999357,25.304729,1.673510
37,37.940960,-26.413963,22.532221,38.133400,-30.464113,24.727617,1.940860
38,37.940960,-26.413963,22.532221,39.780178,-28.924278,26.946762,2.071850
39,37.940960,-26.413963,22.532221,39.743366,-31.909815,24.419661,2.311340
40,37.940960,-26.413963,22.532221,38.008827,-28.247211,24.178265,1.025420
41,37.940960,-26.413963,22.532221,35.342979,-34.321106,20.287224,3.195500
42,37.940960,-26.413963,22.532221,36.326672,-30.450220,22.463766,2.267350
43,37.940960,-26.413963,22.532221,40.038177,-31.596237,23.851086,2.129030
44,37.940960,-26.413963,22.532221,36.049675,-27.738676,23.260357,1.607530
45,37.940960,-26.413963,22.532221,36.248646,-27.261871,21.006685,1.857280
46,37.940960,-26.413963,22.532221,37.622574,-27.844311,25.037935,0.932551
47,37.940960,-26.413963,22.532221,36.924099,-27.364588,21.109121,1.718480
48,37.940960,-26.413963,22.532221,37.637047,-27.200224,20.746946,1.656890
49,37.940960,-26.413963,22.532221,38.310371,-26.007120,22.185444,0.106549
50,37.940960,-26.413963,22.532221,35.114986,-23.439978,19.086397,2.355330
51,37.940960,-26.413963,22.532221,38.218491,-28.745186,16.970007,2.902250
52,37.940960,-26.413963,22.532221,33.594593,-30.936674,19.324982,2.923750
53,37.940960,-26.413963,22.532221,38.329769,-32.780602,24.664495,2.364130
54,37.940960,-26.413963,22.532221,40.680279,-33.177597,25.982601,2.434510
55,37.940960,-26.413963,22.532221,33.792645,-23.265856,19.811625,2.818670
56,37.940960,-26.413963,22.532221,32.553276,-24.598820,18.567949,3.068430
57,37.940960,-26.413963,22.532221,38.573685,-24.460569,24.928915,2.035680
58,37.940960,-26.413963,22.532221,34.931118,-31.725746,20.514952,2.949170
59,29.663366,-17.780882,-15.592666,30.337082,-19.286823,-16.190111,2.273660
60,29.663366,-17.780882,-15.592666,28.028526,-18.742056,-15.634098,0.941847
61,29.663366,-17.780882,-15.592666,27.045883,-18.129725,-15.387506,2.128850
62,29.663366,-17.780882,-15.592666,26.879572,-17.577599,-14.544021,3.645380
63,29.663366,-17.780882,-15.592666,30.462749,-24.018875,-13.411894,5.039910
64,29.663366,-17.780882,-15.592666,31.158451,-24.190399,-13.386363,5.236030
65,29.663366,-17.780882,-15.592666,29.673346,-26.267904,-11.751125,6.328390
66,29.663366,-17.780882,-15.592666,30.448284,-23.183617,-14.875910,4.563280
67,29.663366,-17.780882,-15.592666,33.628414,-28.814991,-14.619029,6.445840
68,29.663366,-17.780882,-15.592666,31.074078,-22.119520,-15.782748,3.968070
69,29.663366,-17.780882,-15.592666,30.380657,-21.443739,-15.970723,3.355760
70,29.663366,-17.780882,-15.592666,27.263798,-16.815567,-19.368349,4.074120
71,29.663366,-17.780882,-15.592666,28.063391,-14.359980,-21.453890,5.436720
72,29.663366,-17.780882,-15.592666,27.750319,-13.489217,-20.290024,5.370580
73,29.663366,-17.780882,-15.592666,30.911507,-15.672613,-19.258196,4.995440
74,29.663366,-17.780882,-15.592666,31.128017,-16.310394,-19.110376,4.998860
75,29.663366,-17.780882,-15.592666,29.214819,-17.903961,-19.338327,3.873430
76,29.663366,-17.780882,-15.592666,28.401127,-16.644089,-19.050667,3.965790
77,29.663366,-17.780882,-15.592666,29.389746,-16.900932,-18.912653,4.013680
78,29.663366,-17.780882,-15.592666,28.935692,-20.810698,-25.302143,6.201820
79,29.663366,-17.780882,-15.592666,27.283247,-17.862297,-22.909641,5.412770
80,29.663366,-17.780882,-15.592666,28.287352,-18.004406,-22.289125,5.379700
81,29.663366,-17.780882,-15.592666,28.416956,-18.794264,-22.234827,5.224630
82,29.663366,-17.780882,-15.592666,31.936319,-21.592922,-21.160688,6.150510
83,29.663366,-17.780882,-15.592666,30.457928,-18.034014,-23.709879,6.397950
84,29.663366,-17.780882,-15.592666,28.653053,-15.846234,-22.425413,5.767390
85,29.663366,-17.780882,-15.592666,28.863426,-16.463339,-22.024710,5.784490
86,29.663366,-17.780882,-15.592666,30.064074,-16.640171,-20.914446,5.356900
87,29.663366,-17.780882,-15.592666,30.707293,-17.498272,-20.177610,5.256560
88,76.586235,-3.394574,88.365326,76.552238,-8.469414,86.667297,2.381900
89,76.586235,-3.394574,88.365326,76.812080,-2.356892,94.343094,1.241380
90,76.586235,-3.394574,88.365326,77.036835,-6.361817,91.917915,1.964660
91,76.586235,-3.394574,88.365326,76.484764,-7.172309,91.384369,2.108620
92,76.586235,-3.394574,88.365326,76.979691,-6.569124,92.230064,2.130170
93,76.586235,-3.394574,88.365326,76.922485,-2.864380,86.567047,0.987069
94,76.586235,-3.394574,88.365326,77.270073,-2.082521,88.683907,0.829310
95,76.586235,-3.394574,88.365326,76.810875,-3.994799,85.743958,1.446550
96,76.586235,-3.394574,88.365326,76.245697,-5.949123,86.884087,1.713360
97,76.586235,-3.394574,88.365326,76.485977,-7.310255,82.863777,2.180170
98,76.586235,-3.394574,88.365326,76.306190,-0.786230,91.265755,1.583190
99,76.586235,-3.394574,88.365326,76.322678,-2.543353,90.208984,0.693534
100,76.586235,-3.394574,88.365326,76.633553,-0.461002,87.400345,1.616810
101,76.586235,-3.394574,88.365326,76.757690,-3.576742,83.140755,1.160340
102,76.586235,-3.394574,88.365326,77.039238,-4.653747,82.492920,1.488360
103,76.586235,-3.394574,88.365326,76.538261,-3.085625,89.840164,0.829310
104,76.586235,-3.394574,88.365326,75.964798,0.450802,90.415497,1.924140
105,76.586235,-3.394574,88.365326,75.793457,0.706813,90.989815,1.790520
106,76.586235,-3.394574,88.365326,76.101166,-2.943627,83.508659,0.822414
107,76.586235,-3.394574,88.365326,76.546768,-1.714070,89.060661,0.762500
108,76.586235,-3.394574,88.365326,76.446426,-3.121561,87.777634,0.708190
109,76.586235,-3.394574,88.365326,75.589851,-1.965028,88.493591,0.755603
110,76.586235,-3.394574,88.365326,76.450081,3.510471,94.145355,2.453450
111,76.586235,-3.394574,88.365326,76.988121,-0.536318,84.885696,1.455600
112,76.586235,-3.394574,88.365326,75.948799,-2.245929,88.974960,0.450862
113,76.586235,-3.394574,88.365326,76.768570,-3.830051,87.983215,1.072410
114,76.586235,-3.394574,88.365326,76.569237,-2.010834,89.610184,0.923276
115,76.586235,-3.394574,88.365326,76.660835,-2.971736,88.891380,0.748276
116,76.586235,-3.394574,88.365326,75.276176,-1.997579,89.086548,0.859483
117,76.586235,-3.394574,88.365326,76.677795,-3.380409,86.644958,0.772414
118,47.858109,-38.116409,-21.618120,49.017159,-34.026630,-26.304356,4.920650
119,47.858109,-38.116409,-21.618120,50.300049,-40.439922,-22.519751,3.837810
120,47.858109,-38.116409,-21.618120,48.048923,-45.089535,-18.538054,4.893820
121,47.858109,-38.116409,-21.618120,53.407207,-47.744591,-15.812126,6.826140
122,47.858109,-38.116409,-21.618120,49.634087,-47.444359,-12.549209,7.204200
123,47.858109,-38.116409,-21.618120,48.385792,-30.939484,-31.000774,5.876310
124,47.858109,-38.116409,-21.618120,48.023544,-38.743229,-24.494772,3.565930
125,47.858109,-38.116409,-21.618120,46.644775,-36.511414,-27.130316,5.248540
126,47.858109,-38.116409,-21.618120,45.170517,-34.077999,-29.504404,5.815640
127,47.858109,-38.116409,-21.618120,43.244469,-31.786913,-31.679604,6.497080
128,47.858109,-38.116409,-21.618120,43.186600,-33.936687,-30.632812,5.947490
129,47.858109,-38.116409,-21.618120,40.880394,-37.678425,-24.978354,5.451580
130,47.858109,-38.116409,-21.618120,48.925953,-34.882290,-27.318941,5.583430
131,47.858109,-38.116409,-21.618120,52.597481,-33.751492,-27.481869,6.404900
132,47.858109,-38.116409,-21.618120,49.960976,-34.471241,-27.454325,5.917150
133,47.858109,-38.116409,-21.618120,46.844337,-39.818005,-22.342255,1.455080
134,47.858109,-38.116409,-21.618120,45.540920,-32.031162,-19.562046,4.142360
135,47.858109,-38.116409,-21.618120,48.003231,-30.854980,-20.307447,4.312720
136,47.858109,-38.116409,-21.618120,45.962532,-29.525188,-23.647736,5.313890
137,47.858109,-38.116409,-21.618120,44.521240,-32.887341,-20.353342,3.464410
138,47.858109,-38.116409,-21.618120,42.550022,-31.916967,-22.345070,4.845970
139,47.858109,-38.116409,-21.618120,47.618614,-41.049709,-20.775898,3.155190
140,47.858109,-38.116409,-21.618120,50.505371,-39.576664,-21.552980,3.761960
141,47.858109,-38.116409,-21.618120,47.957474,-44.697945,-16.513851,6.245040
142,47.858109,-38.116409,-21.618120,51.262524,-42.663998,-17.124809,6.190200
143,47.858109,-38.116409,-21.618120,46.514572,-43.532093,-16.652491,6.122520
144,47.858109,-38.116409,-21.618120,50.302418,-45.602730,-17.140932,5.967330
145,47.858109,-38.116409,-21.618120,50.081539,-41.412773,-15.673820,6.164530
146,47.858109,-38.116409,-21.618120,55.548111,-32.422401,-24.242056,6.502920
147,29.404896,8.760221,-38.928978,26.882402,13.318522,-43.484776,2.565870
148,29.404896,8.760221,-38.928978,28.300611,9.892959,-39.956184,2.046440
149,29.404896,8.760221,-38.928978,28.556295,11.605214,-42.510571,2.110690
150,29.404896,8.760221,-38.928978,28.268776,14.967535,-46.187386,2.382290
151,29.404896,8.760221,-38.928978,28.819439,8.535285,-38.790409,2.056700
152,29.404896,8.760221,-38.928978,29.495569,10.766896,-42.541412,1.948700
153,29.404896,8.760221,-38.928978,27.682259,4.266837,-34.517494,1.876350
154,29.404896,8.760221,-38.928978,27.449245,7.645107,-38.960178,1.473000
155,29.404896,8.760221,-38.928978,28.348282,4.264446,-35.055851,1.855290
156,29.404896,8.760221,-38.928978,28.595572,7.211959,-36.704140,1.986500
157,29.404896,8.760221,-38.928978,28.356216,12.657312,-43.856812,2.300760
158,29.404896,8.760221,-38.928978,28.239552,10.573407,-41.638794,2.116630
159,29.404896,8.760221,-38.928978,28.258154,11.508120,-41.789227,2.440600
160,29.404896,8.760221,-38.928978,28.824617,3.319963,-34.785561,1.741900
161,29.404896,8.760221,-38.928978,29.475451,12.966719,-45.160393,2.360690
162,29.404896,8.760221,-38.928978,29.938681,9.471891,-41.351395,2.126890
163,29.404896,8.760221,-38.928978,30.448284,13.029512,-46.844555,2.690060
164,29.404896,8.760221,-38.928978,34.188221,6.307898,-38.370110,2.639850
165,29.404896,8.760221,-38.928978,31.052937,9.639920,-42.513908,2.385530
166,29.404896,8.760221,-38.928978,31.095200,9.396107,-40.539810,2.025380
167,29.404896,8.760221,-38.928978,32.623802,4.662545,-34.327713,2.464360
168,29.404896,8.760221,-38.928978,27.858782,9.717718,-38.808945,2.192220
169,29.404896,8.760221,-38.928978,29.189354,7.389401,-32.391411,3.575050
170,29.404896,8.760221,-38.928978,27.928995,8.821101,-34.578850,3.270520
171,29.404896,8.760221,-38.928978,27.695889,14.502809,-42.821709,2.828830
172,29.404896,8.760221,-38.928978,29.329056,8.896725,-39.394382,1.887690
173,29.404896,8.760221,-38.928978,26.057425,9.337479,-35.133762,3.868790
174,29.404896,8.760221,-38.928978,25.620501,4.667670,-29.028551,3.654430
175,29.404896,8.760221,-38.928978,28.585106,9.269267,-41.365337,2.091790
176,29.404896,8.760221,-38.928978,28.247526,8.651392,-41.932800,1.717060
177,32.936481,59.465057,-0.028572,32.746727,60.125694,3.060681,1.719010
178,32.936481,59.465057,-0.028572,34.036976,59.847973,2.767086,2.189450
179,32.936481,59.465057,-0.028572,33.531048,61.778255,-1.684946,1.855690
180,32.936481,59.465057,-0.028572,35.093071,62.860939,-3.244256,2.883030
181,32.936481,59.465057,-0.028572,32.447105,60.621750,0.192366,0.359186
182,32.936481,59.465057,-0.028572,33.439686,66.672356,-4.109601,3.120150
183,32.936481,59.465057,-0.028572,34.567482,63.967304,5.532771,3.358550
184,32.936481,59.465057,-0.028572,35.089085,62.422443,1.565142,2.631280
185,32.936481,59.465057,-0.028572,32.823242,59.564415,1.884654,0.972664
186,32.936481,59.465057,-0.028572,31.775017,61.082279,-1.006556,1.675140
187,32.936481,59.465057,-0.028572,31.591951,51.509239,3.541886,3.456450
188,32.936481,59.465057,-0.028572,33.759045,65.799271,-3.942443,3.249840
189,32.936481,59.465057,-0.028572,31.811462,52.566177,-0.339155,3.231400
190,32.936481,59.465057,-0.028572,32.262413,52.163685,4.374779,3.299430
191,32.936481,59.465057,-0.028572,34.303627,68.698059,-7.513859,4.041320
192,32.936481,59.465057,-0.028572,34.198547,63.099815,-2.427738,2.713920
193,32.936481,59.465057,-0.028572,32.028976,59.363575,0.183424,1.044500
194,32.936481,59.465057,-0.028572,31.628677,53.279896,-5.008774,4.003810
195,32.936481,59.465057,-0.028572,31.226200,51.449486,2.712800,3.545450
196,32.936481,59.465057,-0.028572,31.020012,56.068981,1.182794,2.811820
197,32.936481,59.465057,-0.028572,35.214363,63.038635,-0.935915,2.734900
198,32.936481,59.465057,-0.028572,34.679150,61.439972,-2.826487,2.885570
199,32.936481,59.465057,-0.028572,33.435429,61.913399,1.551996,1.895740
200,32.936481,59.465057,-0.028572,32.293667,58.748772,-3.651752,2.943420
201,32.936481,59.465057,-0.028572,32.371620,63.420448,0.121786,1.923710
202,32.936481,59.465057,-0.028572,34.276886,62.521255,-0.220492,2.139220
203,32.936481,59.465057,-0.028572,32.641399,59.011467,-1.347765,1.987290
204,32.936481,59.465057,-0.028572,33.586128,65.063057,-2.968935,2.939610
205,32.936481,59.465057,-0.028572,34.084724,60.992760,1.408724,1.972030
206,32.936481,59.465057,-0.028572,32.387180,59.814613,4.296834,1.907180
207,31.967999,8.018895,30.255590,30.652374,10.580029,30.296730,2.494600
208,31.967999,8.018895,30.255590,32.037994,8.234765,30.500162,0.151303
209,31.967999,8.018895,30.255590,30.460339,7.175619,29.245165,0.913541
210,31.967999,8.018895,30.255590,30.037085,6.908950,29.704403,2.506040
211,31.967999,8.018895,30.255590,30.392750,15.845250,27.081135,4.438650
212,31.967999,8.018895,30.255590,30.669104,14.281133,28.919001,4.354740
213,31.967999,8.018895,30.255590,31.381989,9.833368,32.073612,1.951050
214,31.967999,8.018895,30.255590,29.904137,9.454279,30.957916,1.677050
215,31.967999,8.018895,30.255590,30.496466,14.111893,27.062773,4.066750
216,31.967999,8.018895,30.255590,29.852226,5.838539,29.881506,3.128420
217,31.967999,8.018895,30.255590,29.695782,5.414230,28.161142,2.809920
218,31.967999,8.018895,30.255590,29.432638,5.083820,28.986504,2.900830
219,31.967999,8.018895,30.255590,29.482996,5.229530,28.660017,3.134770
220,31.967999,8.018895,30.255590,29.384697,5.376747,29.246151,2.795300
221,31.967999,8.018895,30.255590,29.600901,8.152907,28.498665,2.375080
222,31.967999,8.018895,30.255590,33.636864,10.701116,34.407143,2.839160
223,31.967999,8.018895,30.255590,32.175140,7.011658,29.219870,1.333760
224,31.967999,8.018895,30.255590,31.697386,6.751941,28.788509,1.333760
225,31.967999,8.018895,30.255590,29.807636,5.547863,28.407846,2.810550
226,31.967999,8.018895,30.255590,30.147293,5.873173,28.226507,2.541640
227,31.967999,8.018895,30.255590,29.163860,7.649838,28.719683,2.280990
228,31.967999,8.018895,30.255590,28.647835,7.131350,27.675697,2.613480
229,31.967999,8.018895,30.255590,28.749395,7.458208,28.503838,2.391610
230,31.967999,8.018895,30.255590,30.428982,11.115263,31.033375,2.956770
231,31.967999,8.018895,30.255590,29.518181,8.714901,29.538803,1.943420
232,31.967999,8.018895,30.255590,29.953466,10.394433,30.105791,2.652260
233,31.967999,8.018895,30.255590,29.196997,9.373292,27.644579,2.713290
234,31.967999,8.018895,30.255590,31.298410,12.445005,32.744076,3.317230
235,31.967999,8.018895,30.255590,31.244856,11.561033,30.363499,2.944060
236,39.193775,-23.298607,-22.621935,35.441479,-37.497227,-18.419092,5.775190
237,39.193775,-23.298607,-22.621935,39.049934,-33.364170,-23.142429,4.141750
238,39.193775,-23.298607,-22.621935,34.923092,-32.998077,-22.503328,4.125140
239,39.193775,-23.298607,-22.621935,41.200222,-35.130127,-23.335802,5.586930
240,39.193775,-23.298607,-22.621935,35.222298,-25.313684,-27.114658,4.208190
241,39.193775,-23.298607,-22.621935,33.970387,-33.272705,-25.277349,4.519380
242,39.193775,-23.298607,-22.621935,37.162651,-30.306139,-19.254686,4.961240
243,39.193775,-23.298607,-22.621935,33.154942,-25.680210,-27.693289,5.162790
244,39.193775,-23.298607,-22.621935,39.381012,-22.822107,-23.428616,2.202660
245,39.193775,-23.298607,-22.621935,41.047153,-26.061060,-24.810497,4.009970
246,39.193775,-23.298607,-22.621935,41.058342,-24.492168,-25.305843,4.487260
247,39.193775,-23.298607,-22.621935,34.223312,-32.505058,-21.907965,5.775190
248,39.193775,-23.298607,-22.621935,34.886951,-20.376850,-29.077808,6.421930
249,39.193775,-23.298607,-22.621935,38.234413,-27.905821,-27.901453,5.099670
250,39.193775,-23.298607,-22.621935,33.805233,-26.878416,-27.245758,4.584720
251,39.193775,-23.298607,-22.621935,34.250114,-29.397421,-26.180580,3.880400
252,39.193775,-23.298607,-22.621935,40.320080,-33.034077,-22.779619,5.576970
253,39.193775,-23.298607,-22.621935,37.667774,-27.559353,-20.589432,3.775190
254,39.193775,-23.298607,-22.621935,41.339821,-31.919241,-25.799681,5.899220
255,39.193775,-23.298607,-22.621935,39.161304,-23.505135,-23.861826,3.080840
256,39.193775,-23.298607,-22.621935,38.033787,-36.840473,-22.179806,5.957920
257,39.193775,-23.298607,-22.621935,41.632664,-33.818851,-22.387058,6.208190
258,39.193775,-23.298607,-22.621935,40.351231,-33.302864,-24.382563,5.227020
259,39.193775,-23.298607,-22.621935,37.442833,-28.983971,-20.470360,4.232560
260,39.193775,-23.298607,-22.621935,39.750065,-36.939445,-23.386818,6.335550
261,39.193775,-23.298607,-22.621935,39.763451,-41.032864,-21.682096,6.683280
262,39.193775,-23.298607,-22.621935,37.629810,-21.147163,-25.369637,4.973420
263,39.193775,-23.298607,-22.621935,39.121948,-21.395094,-22.684248,3.898120
264,39.193775,-23.298607,-22.621935,36.689003,-19.948847,-26.094618,5.026580
265,39.193775,-23.298607,-22.621935,36.267700,-20.231119,-27.463577,5.274640
266,42.509014,-36.088692,28.069487,42.584908,-35.670116,27.755423,0.134071
267,42.509014,-36.088692,28.069487,43.010815,-25.833988,27.321350,3.905900
268,42.509014,-36.088692,28.069487,42.212658,-37.362057,27.335840,1.127920
269,42.509014,-36.088692,28.069487,43.694641,-37.759624,29.053797,1.553510
270,42.509014,-36.088692,28.069487,40.486897,-36.406399,20.288202,3.717710
271,42.509014,-36.088692,28.069487,38.131622,-37.655788,18.659786,3.845630
272,42.509014,-36.088692,28.069487,37.935596,-29.874653,24.678434,3.511070
273,42.509014,-36.088692,28.069487,41.690563,-34.220695,32.305408,2.495080
274,42.509014,-36.088692,28.069487,42.724045,-39.588669,26.157070,2.363470
275,42.509014,-36.088692,28.069487,41.604454,-40.287621,26.989491,2.479090
276,42.509014,-36.088692,28.069487,40.039833,-36.936199,29.815702,1.761380
277,42.509014,-36.088692,28.069487,42.797878,-40.142277,28.383886,1.779210
278,42.509014,-36.088692,28.069487,41.415680,-36.426750,31.286089,1.887450
279,42.509014,-36.088692,28.069487,40.960690,-34.027534,31.195215,2.337020
280,42.509014,-36.088692,28.069487,41.187496,-34.052883,23.739414,2.313650
281,42.509014,-36.088692,28.069487,41.111031,-32.593712,23.649725,2.354240
282,42.509014,-36.088692,28.069487,42.330647,-36.457554,30.827663,1.580570
283,42.509014,-36.088692,28.069487,42.192692,-36.644005,31.485291,1.897290
284,42.509014,-36.088692,28.069487,41.262173,-38.383968,28.257666,1.272450
285,42.509014,-36.088692,28.069487,39.850323,-38.309994,28.034187,2.195570
286,42.509014,-36.088692,28.069487,41.115814,-36.813980,30.847513,1.619310
287,42.509014,-36.088692,28.069487,38.536976,-27.674797,26.390278,3.398520
288,42.509014,-36.088692,28.069487,39.289257,-27.773003,26.199383,3.261990
289,42.509014,-36.088692,28.069487,39.946899,-35.342857,26.069830,1.991390
290,42.509014,-36.088692,28.069487,41.155663,-38.534260,30.836607,1.222020
291,42.509014,-36.088692,28.069487,38.714825,-36.662670,27.618382,2.835180
292,42.509014,-36.088692,28.069487,37.709290,-30.655577,26.680725,3.405900
293,42.509014,-36.088692,28.069487,43.130104,-42.459721,28.846647,2.839480
294,42.509014,-36.088692,28.069487,43.840298,-35.298527,33.653774,2.853630
295,42.509014,-36.088692,28.069487,41.962856,-35.087582,32.898968,2.238620
296,51.274021,4.979618,-43.476879,49.487617,6.808735,-43.856709,1.620470
297,51.274021,4.979618,-43.476879,47.614758,4.835011,-43.035583,2.011440
298,51.274021,4.979618,-43.476879,51.386497,5.868516,-43.504185,0.792753
299,51.274021,4.979618,-43.476879,49.837574,6.735552,-45.821995,1.618560
300,51.274021,4.979618,-43.476879,48.141376,5.678396,-42.099323,1.671330
301,51.274021,4.979618,-43.476879,51.368160,5.686188,-44.800594,0.873490
302,51.274021,4.979618,-43.476879,52.596375,4.526365,-42.729744,1.478700
303,51.274021,4.979618,-43.476879,48.669441,7.044069,-43.544880,1.779400
304,51.274021,4.979618,-43.476879,50.087494,2.797336,-45.918327,2.563890
305,51.274021,4.979618,-43.476879,50.262150,3.585742,-44.933136,2.105530
306,51.274021,4.979618,-43.476879,48.706745,10.667136,-46.139469,2.742530
307,51.274021,4.979618,-43.476879,52.773937,9.652517,-42.134148,3.041960
308,51.274021,4.979618,-43.476879,51.218796,10.381395,-43.042210,2.891930
309,51.274021,4.979618,-43.476879,49.928673,2.626021,-46.580517,2.815000
310,51.274021,4.979618,-43.476879,47.599327,6.004631,-43.850941,1.757150
311,51.274021,4.979618,-43.476879,47.085812,8.394641,-47.920204,2.642720
312,51.274021,4.979618,-43.476879,47.801918,9.817924,-46.870266,2.489510
313,51.274021,4.979618,-43.476879,50.763168,-2.786250,-41.302952,3.177370
314,51.274021,4.979618,-43.476879,49.228176,12.074956,-44.992264,3.147490
315,51.274021,4.979618,-43.476879,49.539745,-2.925848,-41.633514,3.116970
316,51.274021,4.979618,-43.476879,52.280899,-4.435671,-39.094254,3.300060
317,51.274021,4.979618,-43.476879,49.449986,12.857674,-46.942852,2.722190
318,51.274021,4.979618,-43.476879,47.217575,14.091667,-48.160061,3.248570
319,51.274021,4.979618,-43.476879,49.787121,-3.707930,-41.693127,3.320410
320,51.274021,4.979618,-43.476879,50.589958,-11.128003,-38.972099,4.017160
321,51.274021,4.979618,-43.476879,52.213875,-12.267968,-37.702171,3.956770
322,51.274021,4.979618,-43.476879,50.183846,-4.953394,-40.920509,3.326130
323,51.274021,4.979618,-43.476879,48.678150,-5.826309,-39.628811,3.606480
324,51.274021,4.979618,-43.476879,47.111946,16.510830,-41.574970,4.438650
325,51.274021,4.979618,-43.476879,51.433445,4.992126,-43.405804,0.706929
326,39.389496,53.205330,48.202713,41.271694,56.862949,49.495842,1.748930
327,39.389496,53.205330,48.202713,40.206669,52.271858,45.747578,0.902244
328,39.389496,53.205330,48.202713,38.145824,47.712948,43.752853,2.161860
329,39.389496,53.205330,48.202713,41.309738,46.057655,45.404190,3.045940
330,39.389496,53.205330,48.202713,39.176693,51.809235,45.153866,0.700321
331,39.389496,53.205330,48.202713,39.625908,52.377514,45.809921,0.980769
332,39.389496,53.205330,48.202713,39.898655,49.026104,36.958412,2.424680
333,39.389496,53.205330,48.202713,37.420963,49.695381,42.909187,2.084940
334,39.389496,53.205330,48.202713,39.756760,49.526592,46.888882,2.025110
335,39.389496,53.205330,48.202713,39.891991,51.455307,44.241413,1.284190
336,39.389496,53.205330,48.202713,42.177322,56.033863,47.491283,1.944440
337,39.389496,53.205330,48.202713,38.480938,51.390205,42.520279,1.275110
338,39.389496,53.205330,48.202713,42.490768,58.888783,50.504391,2.275640
339,39.389496,53.205330,48.202713,39.993404,56.393772,44.101151,2.387820
340,39.389496,53.205330,48.202713,39.221088,47.333183,36.197395,2.501070
341,39.389496,53.205330,48.202713,41.271694,55.456726,44.373333,2.030450
342,39.389496,53.205330,48.202713,40.888432,55.105396,45.552685,1.799680
343,39.389496,53.205330,48.202713,42.495331,57.244884,50.876068,2.255880
344,39.389496,53.205330,48.202713,39.506264,54.590816,45.595554,1.486110
345,39.389496,53.205330,48.202713,39.458939,48.772919,44.889263,2.068380
346,39.389496,53.205330,48.202713,41.624832,57.306530,42.911888,2.807690
347,39.389496,53.205330,48.202713,39.227913,53.296749,47.999577,0.441239
348,45.507931,64.962479,46.997776,43.715076,64.365334,52.617779,1.973290
349,45.507931,64.962479,46.997776,44.004036,64.187721,52.327145,1.893730
350,45.507931,64.962479,46.997776,45.713535,62.350670,44.266609,0.685830
351,45.507931,64.962479,46.997776,47.149803,63.699024,47.469856,2.153310
352,45.507931,64.962479,46.997776,42.675724,67.540390,49.218002,2.474450
353,45.507931,64.962479,46.997776,43.407082,66.139610,45.896454,1.961670
354,45.507931,64.962479,46.997776,46.712318,64.371681,59.294109,3.322300
355,45.507931,64.962479,46.997776,43.477760,68.170952,45.272499,2.414630
356,45.507931,64.962479,46.997776,43.703403,67.666115,41.613331,2.631240
357,45.507931,64.962479,46.997776,44.670025,65.577446,51.020626,1.480260
358,45.507931,64.962479,46.997776,48.398338,60.706757,51.334465,3.030200
359,45.507931,64.962479,46.997776,46.881199,55.858082,31.319647,3.533680
360,45.507931,64.962479,46.997776,45.874317,66.283432,54.429390,1.914050
361,45.507931,64.962479,46.997776,43.943283,68.000961,55.820118,1.653890
362,45.507931,64.962479,46.997776,44.529762,67.438286,50.447983,1.040650
363,45.507931,64.962479,46.997776,45.677994,66.536354,59.143490,2.595820
364,45.507931,64.962479,46.997776,41.387257,59.507904,33.496967,3.911730
365,45.507931,64.962479,46.997776,41.053547,63.627651,38.289074,3.694540
366,45.507931,64.962479,46.997776,44.084854,62.172565,41.232960,2.099300
367,45.507931,64.962479,46.997776,44.565243,61.991272,41.196350,2.191640
368,45.507931,64.962479,46.997776,43.439499,61.562645,40.134434,2.894310
369,45.507931,64.962479,46.997776,46.362431,65.826706,56.740395,2.534260
370,45.507931,64.962479,46.997776,45.028355,66.421402,48.194370,0.990708
371,45.507931,64.962479,46.997776,43.287426,66.027946,42.663445,2.649250
372,45.507931,64.962479,46.997776,43.476292,66.184494,54.006630,1.860630
373,45.507931,64.962479,46.997776,42.927025,68.256241,52.260963,1.977350
374,45.507931,64.962479,46.997776,43.921555,67.480804,48.661602,1.602210
375,45.507931,64.962479,46.997776,44.677094,66.873070,43.977867,1.580720
376,45.507931,64.962479,46.997776,45.859364,65.590607,39.724129,2.088270
377,45.507931,64.962479,46.997776,44.996208,66.091095,38.496197,2.673050
378,52.495605,42.108311,56.623260,51.653553,42.396881,57.569874,1.346040
379,52.495605,42.108311,56.623260,52.012005,47.866936,55.420757,3.130500
380,52.495605,42.108311,56.623260,52.503368,46.407009,59.994904,2.011000
381,52.495605,42.108311,56.623260,52.908978,45.185326,56.357330,1.900290
382,52.495605,42.108311,56.623260,53.333683,44.536827,58.967484,1.368770
383,52.495605,42.108311,56.623260,53.581738,43.331532,60.182163,1.622430
384,52.495605,42.108311,56.623260,54.888515,36.419331,61.309155,4.063780
385,52.495605,42.108311,56.623260,51.183079,48.307823,54.223644,3.493400
386,52.495605,42.108311,56.623260,50.382801,48.905453,54.266300,4.063780
387,52.495605,42.108311,56.623260,50.085110,49.151268,53.637241,4.063780
388,52.495605,42.108311,56.623260,51.192299,37.241016,55.793140,3.938420
389,52.495605,42.108311,56.623260,52.418999,46.931866,57.201618,2.715540
390,52.495605,42.108311,56.623260,52.534397,45.620438,55.116268,2.181090
391,52.495605,42.108311,56.623260,52.815716,36.051586,55.460335,3.677420
392,52.495605,42.108311,56.623260,51.986126,36.857933,53.991417,3.544720
393,52.495605,42.108311,56.623260,49.753441,49.102360,53.162384,4.448680
394,52.495605,42.108311,56.623260,47.139362,33.415012,50.135544,5.234600
395,52.495605,42.108311,56.623260,51.854164,40.490696,54.537426,2.362900
396,52.495605,42.108311,56.623260,51.903854,44.436043,51.392216,2.573310
397,52.495605,42.108311,56.623260,51.815723,37.976288,52.762470,3.552050
398,52.495605,42.108311,56.623260,51.027096,40.209427,53.043381,3.104110
399,52.495605,42.108311,56.623260,51.067604,45.325802,55.683323,2.601910
400,52.495605,42.108311,56.623260,50.950573,43.568226,50.865322,2.651760
401,52.495605,42.108311,56.623260,51.505451,45.829876,54.742523,2.544720
402,52.495605,42.108311,56.623260,50.963341,42.975834,54.136055,2.007330
403,52.495605,42.108311,56.623260,52.178074,45.892696,57.328838,2.181090
404,52.495605,42.108311,56.623260,51.093044,47.697235,56.109749,2.994130
405,52.495605,42.108311,56.623260,50.291763,36.992039,48.593033,2.101910
406,61.055126,-45.734715,42.335033,57.964840,-41.877796,40.662785,1.528000
407,61.055126,-45.734715,42.335033,61.311028,-49.321018,45.948193,1.208000
408,61.055126,-45.734715,42.335033,59.984383,-46.378208,40.976887,1.383620
409,61.055126,-45.734715,42.335033,60.127399,-43.665443,41.178658,1.488380
410,61.055126,-45.734715,42.335033,61.223007,-43.474201,40.692692,1.156570
411,61.055126,-45.734715,42.335033,61.502934,-37.958839,42.500706,2.102860
412,61.055126,-45.734715,42.335033,60.263618,-45.941494,44.143803,0.822095
413,61.055126,-45.734715,42.335033,60.000599,-47.065796,43.559586,1.016760
414,61.055126,-45.734715,42.335033,61.096291,-44.095966,42.330196,0.595429
415,61.055126,-45.734715,42.335033,60.319042,-50.963055,43.656300,1.386670
416,61.055126,-45.734715,42.335033,60.384193,-48.592220,45.447365,1.170290
417,61.055126,-45.734715,42.335033,61.208172,-47.662426,47.135994,1.518100
418,61.055126,-45.734715,42.335033,60.416286,-40.206097,42.805386,1.800000
419,61.055126,-45.734715,42.335033,60.241245,-35.966057,39.754967,2.163050
420,61.055126,-45.734715,42.335033,61.854744,-45.656170,43.730659,1.083050
421,61.055126,-45.734715,42.335033,59.942005,-41.429283,40.714573,1.620950
422,61.055126,-45.734715,42.335033,60.233189,-41.547916,42.529816,1.571810
423,61.055126,-45.734715,42.335033,60.709194,-42.264088,43.153709,1.422860
424,61.055126,-45.734715,42.335033,61.773972,-41.394691,41.527081,1.606480
425,61.055126,-45.734715,42.335033,60.600277,-37.059731,36.112762,2.252570
426,61.055126,-45.734715,42.335033,60.193775,-36.209175,35.835716,2.421710
427,61.055126,-45.734715,42.335033,60.856575,-35.926231,33.642517,2.371050
428,61.055126,-45.734715,42.335033,60.751614,-46.256470,42.957279,0.133333
429,61.055126,-45.734715,42.335033,61.872765,-45.421665,42.623882,0.737905
430,61.055126,-45.734715,42.335033,60.054607,-43.856297,44.534817,1.368760
431,61.055126,-45.734715,42.335033,60.678234,-44.090740,45.839687,1.432000
432,61.055126,-45.734715,42.335033,60.296703,-47.257076,44.551552,0.972952
433,61.055126,-45.734715,42.335033,60.569229,-41.537636,40.979820,1.485330
434,61.055126,-45.734715,42.335033,61.167130,-50.533611,45.001839,1.429710
435,61.055126,-45.734715,42.335033,61.374523,-49.533340,45.321560,1.236570
436,40.730438,-44.325455,36.707211,42.784332,-47.420757,30.458687,3.526380
437,40.730438,-44.325455,36.707211,40.709415,-44.393471,36.918831,0.359186
438,40.730438,-44.325455,36.707211,40.257679,-41.063408,32.393398,2.300060
439,40.730438,-44.325455,36.707211,40.415054,-44.597343,36.705975,1.003180
440,40.730438,-44.325455,36.707211,42.003094,-46.029144,35.932163,2.027340
441,40.730438,-44.325455,36.707211,42.806908,-42.821793,36.116009,1.787030
442,40.730438,-44.325455,36.707211,39.798565,-50.654053,35.483139,3.228230
443,40.730438,-44.325455,36.707211,42.512051,-50.407799,40.654697,2.530200
444,40.730438,-44.325455,36.707211,39.294361,-41.697605,36.060558,2.069930
445,40.730438,-44.325455,36.707211,42.736111,-43.461781,38.655361,1.889380
446,40.730438,-44.325455,36.707211,38.915691,-41.459770,35.932613,2.649710
447,40.730438,-44.325455,36.707211,42.215729,-39.244118,34.194447,1.879850
448,40.730438,-44.325455,36.707211,40.219841,-49.803082,38.855095,2.429750
449,40.730438,-44.325455,36.707211,42.020100,-28.270096,35.056091,4.041320
450,40.730438,-44.325455,36.707211,43.343620,-47.628445,36.651356,1.931340
451,40.730438,-44.325455,36.707211,39.570362,-39.550499,22.830112,4.438650
452,40.730438,-44.325455,36.707211,42.072601,-50.099953,33.986824,3.128420
453,40.730438,-44.325455,36.707211,40.102718,-43.615730,36.740635,2.000000
454,40.730438,-44.325455,36.707211,40.846600,-44.562592,36.565002,1.430390
455,40.730438,-44.325455,36.707211,40.473846,-42.773716,37.404255,1.807370
456,40.730438,-44.325455,36.707211,40.082874,-43.851112,36.143818,2.256830
457,40.730438,-44.325455,36.707211,38.924316,-38.626827,34.504135,2.593130
458,40.730438,-44.325455,36.707211,39.651119,-32.973083,28.439819,3.567070
459,40.730438,-44.325455,36.707211,39.027603,-43.137337,36.106113,2.304510
460,40.730438,-44.325455,36.707211,39.453861,-43.376148,34.776810,2.636360
461,40.730438,-44.325455,36.707211,41.862019,-44.218002,38.174213,0.708837
462,40.730438,-44.325455,36.707211,40.306953,-43.700146,36.567772,0.359186
463,40.730438,-44.325455,36.707211,39.355556,-49.878231,34.386780,3.125870
464,40.730438,-44.325455,36.707211,38.811977,-47.918301,30.039106,3.644630
465,40.730438,-44.325455,36.707211,40.638138,-45.927883,28.611588,3.569610
466,66.627518,-1.538718,3.450590,66.572609,-1.701256,4.312947,0.846612
467,66.627518,-1.538718,3.450590,67.116165,-0.845155,2.434649,1.889970
468,66.627518,-1.538718,3.450590,66.421242,-2.200861,4.794585,1.874250
469,66.627518,-1.538718,3.450590,66.167717,-3.153082,3.696544,2.574530
470,66.627518,-1.538718,3.450590,66.235474,-1.748199,3.392227,1.337670
471,66.627518,-1.538718,3.450590,66.194679,0.258635,0.387968,3.545800
472,66.627518,-1.538718,3.450590,66.094437,-1.084501,1.788674,2.499190
473,66.627518,-1.538718,3.450590,66.622185,-1.780723,3.600453,0.915989
474,66.627518,-1.538718,3.450590,67.064919,-1.275448,3.165702,2.165850
475,66.627518,-1.538718,3.450590,66.666367,-2.818829,6.820164,3.222220
476,66.627518,-1.538718,3.450590,66.425835,-1.953219,4.207624,1.176690
477,66.627518,-1.538718,3.450590,66.708221,-1.530576,3.619180,1.713280
478,66.627518,-1.538718,3.450590,65.598129,-0.861753,2.458165,2.564230
479,66.627518,-1.538718,3.450590,66.765228,-0.889762,2.203487,2.644440
480,66.627518,-1.538718,3.450590,67.027954,-1.380901,3.205375,1.711650
481,66.627518,-1.538718,3.450590,66.119904,-1.590144,3.606747,0.528997
482,66.627518,-1.538718,3.450590,66.196220,-1.453828,4.144401,1.021680
483,66.627518,-1.538718,3.450590,66.348412,-1.716219,3.972345,0.889431
484,66.627518,-1.538718,3.450590,66.408218,-1.423517,4.127861,1.054740
485,66.627518,-1.538718,3.450590,65.990860,0.428235,0.125481,1.713280
486,66.627518,-1.538718,3.450590,66.166168,0.258545,0.387836,3.276420
487,66.627518,-1.538718,3.450590,66.243164,-1.920004,4.089114,1.121410
488,55.034206,51.754910,36.871132,55.660751,52.007656,36.460705,0.698816
489,55.034206,51.754910,36.871132,54.522171,58.660797,40.776623,3.528760
490,55.034206,51.754910,36.871132,55.569450,57.498413,39.943329,3.003380
491,55.034206,51.754910,36.871132,54.938179,53.683582,29.526073,4.198820
492,55.034206,51.754910,36.871132,56.731815,53.955208,31.381927,3.851950
493,55.034206,51.754910,36.871132,54.636021,56.267078,32.722988,3.876480
494,55.034206,51.754910,36.871132,56.860432,54.200413,35.843819,2.939930
495,55.034206,51.754910,36.871132,55.621216,53.889507,29.907492,4.174280
496,55.034206,51.754910,36.871132,56.017639,53.333477,28.064312,4.551610
497,55.034206,51.754910,36.871132,55.136143,54.861347,30.394226,4.104910
498,55.034206,51.754910,36.871132,55.247013,54.311447,28.775682,4.710660
499,55.034206,51.754910,36.871132,54.811813,54.549908,29.154848,4.656510
500,55.034206,51.754910,36.871132,56.717056,53.670815,31.070621,3.961930
501,55.034206,51.754910,36.871132,55.191620,54.794655,29.947798,4.506770
502,55.034206,51.754910,36.871132,56.508842,50.441677,38.220478,2.511840
503,55.034206,51.754910,36.871132,58.649887,47.744171,34.751858,4.187820
504,55.034206,51.754910,36.871132,56.245640,51.813969,44.428993,4.741960
505,55.034206,51.754910,36.871132,55.199833,53.735607,45.106838,4.345180
506,55.034206,51.754910,36.871132,55.380013,51.232723,35.751068,1.198820
507,55.034206,51.754910,36.871132,53.926060,51.968121,34.864212,2.434860
508,55.034206,51.754910,36.871132,54.118134,51.505188,35.972713,1.417090
509,55.034206,51.754910,36.871132,55.054821,51.792553,36.904892,0.630288
510,55.034206,51.754910,36.871132,54.983643,53.066681,37.365479,1.483080
511,55.034206,51.754910,36.871132,55.739693,54.249378,43.894840,4.216580
512,55.034206,51.754910,36.871132,55.837624,57.456684,41.648609,3.092220
513,55.034206,51.754910,36.871132,57.032524,55.218678,37.564484,2.701350
514,55.034206,51.754910,36.871132,54.890587,56.560257,36.059475,2.998310
515,55.034206,51.754910,36.871132,56.066761,55.583523,35.005344,3.032990
516,55.034206,51.754910,36.871132,55.551159,56.168198,36.342747,2.618440
517,55.034206,51.754910,36.871132,56.339222,55.371418,34.991112,2.917940
518,38.298019,0.294544,0.205786,34.469627,-0.079072,-1.057111,4.655910
519,38.298019,0.294544,0.205786,33.524685,-0.301369,-1.043497,5.144090
520,38.298019,0.294544,0.205786,35.063156,0.147781,-0.635292,4.203230
521,38.298019,0.294544,0.205786,35.265884,0.505250,1.799560,4.133330
522,38.298019,0.294544,0.205786,34.354977,-0.450014,-2.028741,5.517200
523,38.298019,0.294544,0.205786,35.337055,-0.225735,-2.545105,5.684950
524,38.298019,0.294544,0.205786,34.632511,-1.360838,-1.782767,4.591400
525,38.298019,0.294544,0.205786,36.818005,0.055201,-0.223113,1.486020
526,38.298019,0.294544,0.205786,36.345665,-0.871912,-2.068496,4.453760
527,38.298019,0.294544,0.205786,36.009312,-0.178491,-1.611046,4.075270
528,38.298019,0.294544,0.205786,36.288639,0.316602,-2.196318,4.949460
529,38.298019,0.294544,0.205786,35.208408,-0.800012,-3.895722,6.709680
530,38.298019,0.294544,0.205786,36.892502,0.545046,-2.616418,5.268820
531,38.298019,0.294544,0.205786,31.416723,0.689391,-4.383622,5.524730
532,38.298019,0.294544,0.205786,36.957512,0.602719,-2.995191,5.479570
533,38.298019,0.294544,0.205786,35.441475,0.292468,-2.575590,4.994620
534,38.298019,0.294544,0.205786,36.548061,0.862570,-2.409523,5.143010
535,38.298019,0.294544,0.205786,36.502800,0.517209,-3.702915,5.480650
536,38.298019,0.294544,0.205786,36.925953,-0.825342,-2.774334,5.201080
537,38.298019,0.294544,0.205786,38.280365,-0.037357,0.325072,1.198920
538,38.298019,0.294544,0.205786,34.776199,0.390112,1.790549,4.192470
539,38.298019,0.294544,0.205786,32.400509,-0.896283,-3.752385,6.523660
540,38.298019,0.294544,0.205786,33.064331,0.923234,-0.913352,5.623660
541,38.298019,0.294544,0.205786,33.838768,0.043181,-2.257201,5.902150
542,38.298019,0.294544,0.205786,36.728329,-0.924989,1.513166,3.856990
543,38.298019,0.294544,0.205786,35.953468,1.028856,-3.410898,5.727960
544,38.298019,0.294544,0.205786,37.570049,-0.568221,-0.267383,2.967740
545,38.298019,0.294544,0.205786,36.818005,-1.649999,0.374717,3.965590
546,38.298019,0.294544,0.205786,35.226261,-0.303823,-1.808395,5.189250
547,38.298019,0.294544,0.205786,39.024166,-0.116553,0.219428,1.866670
